[
    {
        "img": "./images/suit.jpg",
        "name": "ambassdar",
        "model": "cloth",
        "price": 499.9
    },
    {
        "img": "./images/1.png",
        "name": "ambassdar",
        "model": "cloth",
        "price": 499.9
    },
    {
        "img": "./images/2.png",
        "name": "ambassdar",
        "model": "cloth",
        "price": 499.9
    },
    {
        "img": "./images/11.png",
        "name": "ambassdar",
        "model": "cloth",
        "price": 499.9
    },
    {
        "img": "./images/12.png",
        "name": "ambassdar",
        "model": "cloth",
        "price": 499.9
    },
    {
        "img": "./images/5.png",
        "name": "ambassdar",
        "model": "cloth",
        "price": 499.9
    },
    {
        "img": "./images/6.png",
        "name": "ambassdar",
        "model": "cloth",
        "price": 499.9
    },
    {
        "img": "./images/banner1.png",
        "name": "ambassdar",
        "model": "cloth",
        "price": 499.9
    },
    {
        "img": "./images/banner2.png",
        "name": "ambassdar",
        "model": "cloth",
        "price": 499.9
    },
    {
        "img": "./images/Laptops/ideapad5.jpg",
        "name": "ambassdar",
        "model": "cloth",
        "price": 499.9
    },
    {
        "img": "./images/250.jpg",
        "name": "ambassdar",
        "model": "cloth",
        "price": 499.9
    },
    {
        "img": "./images/wearables.jpg",
        "name": "ambassdar",
        "model": "cloth",
        "price": 499.9
    },
    {
        "img": "./images/watch.png",
        "name": "ambassdar",
        "model": "cloth",
        "price": 499.9
    },
    {
        "img": "./images/images/img-pro-04.jpg",
        "name": "ambassdar",
        "model": "cloth",
        "price": 499.9
    },
    {
        "img": "./images/elecImages.png",
        "name": "ambassdar",
        "model": "cloth",
        "price": 499.9
    },
    {
        "img": "./images/12.png",
        "name": "ambassdar",
        "model": "cloth",
        "price": 499.9
    },
    {
        "img": "./images/furniture1.jpg",
        "name": "ambassdar",
        "model": "cloth",
        "price": 499.9
    },
    {
        "img": "./images/banner3.png",
        "name": "ambassdar",
        "model": "cloth",
        "price": 499.9
    },
    {
        "img": "./images/954_generated.jpg",
        "name": "ambassdar",
        "model": "cloth",
        "price": 499.9
    },
    {
        "img": "./images/homeAppliances.jpg",
        "name": "ambassdar",
        "model": "cloth",
        "price": 499.9
    },
    {
        "img": "./images/electrnnicstore.jpg",
        "name": "ambassdar",
        "model": "cloth",
        "price": 499.9
    },
    {
        "img": "./images/feature_3.png",
        "name": "ambassdar",
        "model": "cloth",
        "price": 499.9
    },
    {
        "img": "./images/images/img-pro-02.jpg",
        "name": "ambassdar",
        "model": "cloth",
        "price": 499.9
    },
    {
        "img": "./images/Phones/iphone3.jpg",
        "name": "ambassdar",
        "model": "cloth",
        "price": 499.9
    },
    {
        "img": "./images/Phones/iphon34.jpg",
        "name": "ambassdar",
        "model": "cloth",
        "price": 499.9
    },
    {
        "img": "./images/Laptops/ideapad5.jpg",
        "name": "ambassdar",
        "model": "cloth",
        "price": 499.9
    },
    {
        "img": "./images/image3.png",
        "name": "ambassdar",
        "model": "cloth",
        "price": 499.9
    }
]